Language,Locale,Channel title,Tagline,Description
Azerbaijani,az,PhET İnteraktiv Simulyasiyar,"Praktiki araşdırmalar və kəşflər vasitəsilə riyaziyyat, fizika, biologiya və kimyanı öyrənin.","Kolorado Boulder Universiteti tərəfindən yaradılan PhET Interactive Simulations layihəsi tələbələri intuitiv, oyuna bənzər mühitlərlə cəlb edən interaktiv riyaziyyat və elm simulyasiyalarını təmin edir. Tələbələr riyaziyyat, fizika, biologiya və kimya haqqında praktiki kəşfiyyat və kəşflər vasitəsilə öyrənə bilərlər."
Bosnian,bs,PhET interaktivne simulacije,"Nauči o matematici, fizici, biologiji i hemiji kroz praktična istraživanja i otkrića.","PhET Interactive Simulations projekat kreiran od strane Univerziteta Colorado Boulder pruža interaktivne matematičke i naučne simulacije koje uključuju studente u intuitivna okruženja nalik igrici. Učenici mogu naučiti o matematici, fizici, biologiji i hemiji kroz praktična istraživanja i otkrića."
Czech,cs,Interaktivní simulace PhET,"Učte se matematiku, fyziku, biologii a chemii prostřednictvím praktického zkoumání a objevování.","Projekt PhET Interactive Simulations vytvořený University of Colorado Boulder poskytuje interaktivní matematické a vědecké simulace, které zapojují studenty do intuitivních herních prostředí. Studenti se mohou dozvědět o matematice, fyzice, biologii a chemii prostřednictvím praktického zkoumání a objevování."
Danish,da,PhET interaktive simulationer,"Lær om matematik, fysik, biologi og kemi gennem praktisk udforskning og opdagelse.","PhET Interactive Simulations-projektet skabt af University of Colorado Boulder giver interaktive matematik- og naturvidenskabelige simuleringer, der engagerer eleverne i intuitive, spillignende miljøer. Elever kan lære om matematik, fysik, biologi og kemi gennem praktisk udforskning og opdagelse."
English,en,PhET Interactive Simulations,"Learn about math, physics, biology, and chemistry through hands-on exploration and discovery","The PhET Interactive Simulations project created by the University of Colorado Boulder provides interactive math and science simulations that engage students with intuitive, game-like environments. Students can learn about math, physics, biology, and chemistry through hands-on exploration and discovery. The simulations are appropriate for all ages and include guiding teacher lesson plans."
French,fr,PhET simulations interactives,"Apprenez les mathématiques, la physique, la biologie et la chimie grâce à une exploration et une découverte pratiques.","Le projet PhET Simulations Interactives créé par l'Université du Colorado à Boulder propose des environnements intuitifs et ludiques qui engagent les étudiants et oú leur peuvent en apprendre davantage sur les mathématiques, la physique, la biologie et la chimie grâce à l’exploration et la découverte pratiques."
German,de,PhET interaktive Simulationen,"Lernen Sie Mathematik, Physik, Biologie und Chemie durch praktisches Erforschen und Entdecken.","Das von der University of Colorado Boulder ins Leben gerufene Projekt PhET Interactive Simulations bietet interaktive Mathematik- und Naturwissenschaftssimulationen, die Schüler mit intuitiven, spielähnlichen Umgebungen begeistern. Schüler können durch praktisches Erforschen und Entdecken etwas über Mathematik, Physik, Biologie und Chemie lernen."
"Greek, Modern",el,Διαδραστικές προσομοιώσεις PhET,"Μάθε μαθηματικά, φυσική, βιολογία και χημεία μέσω πρακτικής εξερεύνησης και ανακάλυψης.","Το έργο PhET Interactive Simulations που δημιουργήθηκε από το Πανεπιστήμιο του Colorado Boulder παρέχει διαδραστικές προσομοιώσεις μαθηματικών και φυσικών επιστημών που εμπλέκουν τους μαθητές με διαισθητικά περιβάλλοντα που μοιάζουν με παιχνίδια. Οι μαθητές μπορούν να μάθουν για τα μαθηματικά, τη φυσική, τη βιολογία και τη χημεία μέσω της πρακτικής εξερεύνησης και ανακάλυψης."
Gujarati,gu,PhET ઇન્ટરેક્ટિવ સિમ્યુલેશન્સ,"પ્રાયોગિક સંશોધનો અને શોધ વડે ગણિત, ભૌતિકવિજ્ઞાન, જીવવિજ્ઞાન, રસાયણવિજ્ઞાન વિશે શીખો","યુનિવર્સિટી ઓફ કોલોરાડો બોલ્ડર દ્વારા બનાવવામાં આવેલ PhET ઇન્ટરેક્ટિવ સિમ્યુલેશન પ્રોજેક્ટ ઇન્ટરેક્ટિવ ગણિત અને વિજ્ઞાન સિમ્યુલેશન પ્રદાન કરે છે જે વિદ્યાર્થીઓને સાહજિક, રમત જેવા વાતાવરણ સાથે જોડે છે. વિદ્યાર્થીઓ હાથ પર સંશોધન અને શોધ દ્વારા ગણિત, ભૌતિકશાસ્ત્ર, જીવવિજ્ઞાન અને રસાયણશાસ્ત્ર વિશે શીખી શકે છે."
Haitian,ht,Similasyon Enteraktif PhET,"Aprann matematik, fizik, byoloji, ak chimi atravè divès eksplorasyon ak dekouvèt pratik.","Pwojè PhET Interactive Simulations ki kreye pa Inivèsite Colorado Boulder ofri similasyon entèraktif matematik ak syans ki angaje elèv yo ak anviwònman entwisyon ki sanble ak yon jwèt. Elèv yo ka aprann matematik, fizik, byoloji, ak chimi atravè eksplorasyon pratik ak dekouvèt."
Italian,it,PhET simulazioni interattive,"Impara matematica, fisica, biologia e chimica attraverso l'esplorazione e la scoperta pratica.","Il progetto PhET Interactive Simulations creato dall'Università del Colorado Boulder fornisce simulazioni interattive di matematica e scienze che coinvolgono gli studenti con ambienti intuitivi simili a giochi. Gli studenti possono apprendere nozioni di matematica, fisica, biologia e chimica attraverso l'esplorazione e la scoperta pratica."
Korean,ko,PhET 인터액티브 시뮬레이션,"실습 탐구와 발견을 통해 수학, 물리학, 생물학, 화학에 대해 배워보세요.","콜로라도 대학교 볼더(University of Colorado Boulder)가 만든 PhET 대화형 시뮬레이션 프로젝트는 직관적이고 게임과 같은 환경에서 학생들의 참여를 유도하는 대화형 수학 및 과학 시뮬레이션을 제공합니다. 학생들은 실습 탐구와 발견을 통해 수학, 물리학, 생물학, 화학에 대해 배울 수 있습니다."
Polish,pl,PhET Symulacje interaktywne,"Nauka matematyki, fizyki, biologii i chemii poprzez praktyczne poszukiwania i odkrycia","Projekt PhET Interactive Simulations stworzony przez Uniwersytet Kolorado w Boulder zapewnia interaktywne symulacje matematyczne i naukowe, które angażują uczniów w intuicyjne środowiska przypominające grę. Uczniowie mogą uczyć się matematyki, fizyki, biologii i chemii poprzez praktyczne poszukiwania i odkrycia."
Portuguese,pt,PhET simulações interativas,"Aprenda sobre matemática, física, biologia e química por meio de exploração e descoberta prática.","O projeto PhET Simulações Interativas criado pela Universidade do Colorado Boulder traz ambientes de aprendizagem intuitivos e interativos, similares a jogos, onde os alunos podem aprender matemática, física, biologia e química por meio da exploração e descoberta prática."
Romanian,ro,Simulări interactive PhET,"Învață despre matematică, fizică, biologie și chimie prin explorare și descoperire practică","Proiectul PhET Interactive Simulations creat de Universitatea din Colorado Boulder oferă simulări interactive de matematică și știință care implică studenții în medii intuitive, asemănătoare jocurilor. Elevii pot învăța despre matematică, fizică, biologie și chimie prin explorare și descoperire practică."
Serbian,sr,ПхЕТ интерактивне симулације,"Научи о математици, физици, биологији и хемији кроз практична истраживања и открића.","ПхЕТ Интерацтиве Симулатионс пројекат који је креирао Универзитет Колорадо Боулдер пружа интерактивне математичке и научне симулације које ангажују ученике у интуитивним окружењима налик игрици. Ученици могу да уче о математици, физици, биологији и хемији кроз практична истраживања и открића."
Spanish,es,Simulaciones interactivas PhET,"Aprende matemáticas, física, biología y química a través de exploración y descubrimientos prácticos.","El proyecto PhET Interactive Simulations creado por la Universidad de Colorado Boulder proporciona simulaciones interactivas de matemáticas y ciencias que involucran a los estudiantes en entornos intuitivos similares a juegos. Los estudiantes pueden aprender sobre matemáticas, física, biología y química a través de exploración y descubrimiento prácticos. "
Ukrainian,uk,PhET – інтерактивне моделювання,"Вивчайте математику, фізику, біологію та хімію через практичні дослідження та відкриття","Проект PhET Interactive Simulation, створений Університетом Колорадо в Боулдері, забезпечує інтерактивне моделювання математики та природничих наук, яке залучає студентів до інтуїтивно зрозумілого середовища, схожого на гру. Студенти можуть вивчати математику, фізику, біологію та хімію шляхом практичних досліджень і відкриттів."
Uzbek,uz,PhET Interaktiv Simulyatsiyalar,"Matematika, fizika, biologiya va kimyo fanlarini amaliy tajriba va kashfiyotlar orqali o'rganing.","Kolorado Boulder universiteti tomonidan yaratilgan PhET Interactive Simulations loyihasi talabalarni intuitiv, o'yinga o'xshash muhitlar bilan jalb qiluvchi interaktiv matematika va fan simulyatsiyalarini taqdim etadi. Talabalar matematika, fizika, biologiya va kimyo fanlarini amaliy izlanishlar va kashfiyotlar orqali bilib olishlari mumkin."
Vietnamese,vi,Mô phỏng Tương tác PhET,"Học về toán, vật lý, sinh học và hóa học thông qua việc thực hành tìm tòi và khám phá.","Dự án Mô phỏng tương tác PhET do Đại học Colorado Boulder tạo ra cung cấp các mô phỏng toán học và khoa học tương tác thu hút học sinh bằng môi trường trực quan, giống như trò chơi. Học sinh có thể học về toán, vật lý, sinh học và hóa học thông qua việc thực hành tìm tòi và khám phá."
"Spanish, Spain",es-ES,Simulaciones interactivas PhET,"Aprende matemáticas, física, biología y química a través de exploración y descubrimientos prácticos.","El proyecto PhET Interactive Simulations creado por la Universidad de Colorado Boulder proporciona simulaciones interactivas de matemáticas y ciencias que involucran a los estudiantes en entornos intuitivos similares a juegos. Los estudiantes pueden aprender sobre matemáticas, física, biología y química a través de exploración y descubrimiento prácticos."
